path,age
24/nm0004624_rm1394516224_0-12-22_2013.jpg,42
54/nm0005054_rm978880768_0-5-21_2000.jpg,29
55/nm0005555_rm2332859648_0-11-18_2006.jpg,35
55/nm0005555_rm2469698304_0-11-18_2005.jpg,34
55/nm0005555_rm2702875904_0-11-18_2006.jpg,35
64/nm1002664_rm1039315200_0-7-31_2012.jpg,41
64/nm1002664_rm1056092416_0-7-31_2012.jpg,41
64/nm1002664_rm1099800832_0-7-31_2012.jpg,41
64/nm1002664_rm1109196544_0-7-31_2015.jpg,44
64/nm1002664_rm1116578048_0-7-31_2012.jpg,41
64/nm1002664_rm1133355264_0-7-31_2012.jpg,41
64/nm1002664_rm1166909696_0-7-31_2012.jpg,41
64/nm1002664_rm1559737088_0-7-31_2011.jpg,40
64/nm1002664_rm1593291520_0-7-31_2011.jpg,40
64/nm1002664_rm2177019904_0-7-31_2011.jpg,40
64/nm1002664_rm2260905984_0-7-31_2011.jpg,40
64/nm1002664_rm259819776_0-7-31_2010.jpg,39
64/nm1002664_rm2712379392_0-7-31_2013.jpg,42
64/nm1002664_rm2796265472_0-7-31_2013.jpg,42
64/nm1002664_rm3608257280_0-7-31_2013.jpg,42
64/nm1002664_rm3717061632_0-7-31_2012.jpg,41
64/nm1002664_rm671533824_0-7-31_2013.jpg,42
64/nm1002664_rm705088256_0-7-31_2013.jpg,42
64/nm1002664_rm721865472_0-7-31_2013.jpg,42
64/nm1002664_rm8161536_0-7-31_2010.jpg,39
06/nm1101606_rm3265182720_0-10-20_2009.jpg,38
09/nm0703809_rm316068096_0-8-19_2012.jpg,41
08/nm0010208_rm3822901504_0-8-7_2013.jpg,42
08/nm0010208_rm4158445824_0-8-7_2013.jpg,42
78/nm0018478_rm3759994880_0-9-8_2014.jpg,43
49/nm0116749_rm2781328384_0-11-19_2012.jpg,41
49/nm0116749_rm3046356736_0-11-19_2012.jpg,41
17/nm1116017_rm2200028928_0-8-5_2014.jpg,43
17/nm1116017_rm2334246656_0-8-5_2014.jpg,43
17/nm1116017_rm3223504640_0-8-5_2014.jpg,43
17/nm1116017_rm4095919872_0-8-5_2014.jpg,43
17/nm1116017_rm4129474304_0-8-5_2014.jpg,43
05/nm0514605_rm4200043008_0-8-27_2002.jpg,31
05/nm0514605_rm4250374656_0-8-27_2002.jpg,31
05/nm0514605_rm4267151872_0-8-27_2002.jpg,31
04/nm0514704_rm362191360_0-7-8_1999.jpg,28
98/nm0612098_rm1914543360_0-5-5_2005.jpg,34
98/nm0612098_rm2969869568_0-5-5_2005.jpg,34
14/nm0912414_rm2029561344_0-3-15_2013.jpg,42
14/nm0912414_rm2110498304_0-3-15_2013.jpg,42
18/nm0326918_rm3636889344_0-12-29_2010.jpg,39
17/nm0329517_rm1099363328_0-8-21_2014.jpg,43
17/nm0329517_rm1116140544_0-8-21_2014.jpg,43
17/nm0329517_rm2860971008_0-8-21_2014.jpg,43
17/nm0329517_rm3045520384_0-8-21_2014.jpg,43
17/nm0329517_rm4122145792_0-8-21_2014.jpg,43
07/nm0130107_rm4016814848_0-2-16_1990.jpg,19
07/nm0130107_rm404917760_0-2-16_1990.jpg,19
20/nm1130220_rm3575428864_0-12-10_2012.jpg,41
23/nm0533323_rm3232209152_0-10-17_2000.jpg,29
89/nm1040389_rm2018696704_0-8-8_2010.jpg,39
89/nm1040389_rm2119360000_0-8-8_2010.jpg,39
89/nm1040389_rm3137067776_0-8-8_2010.jpg,39
89/nm1040389_rm3153844992_0-8-8_2010.jpg,39
89/nm1040389_rm3170622208_0-8-8_2010.jpg,39
89/nm1040389_rm3399716096_0-8-8_2009.jpg,38
89/nm1040389_rm3433270528_0-8-8_2009.jpg,38
89/nm1040389_rm3466824960_0-8-8_2009.jpg,38
89/nm1040389_rm915331072_0-8-8_2010.jpg,39
89/nm1040389_rm96196864_0-8-8_2010.jpg,39
89/nm1040389_rm999217152_0-8-8_2010.jpg,39
07/nm0144307_rm2174326528_0-9-2_2008.jpg,37
13/nm1347813_rm1015854848_0-12-28_2012.jpg,41
69/nm0449669_rm1428925184_0-2-22_2012.jpg,41
69/nm0449669_rm1529588480_0-2-22_2012.jpg,41
69/nm0449669_rm2804656896_0-2-22_2012.jpg,41
69/nm0449669_rm2839789312_0-2-22_2010.jpg,39
47/nm0641747_rm2726207488_0-9-5_2011.jpg,40
47/nm0641747_rm837193472_0-9-5_2009.jpg,38
85/nm0642485_rm3758200832_0-7-10_2002.jpg,31
41/nm2749141_rm1023657472_0-6-23_2014.jpg,43
41/nm2749141_rm2220948224_0-6-23_2014.jpg,43
41/nm2749141_rm2723141376_0-6-23_2014.jpg,43
41/nm2749141_rm2801383168_0-6-23_2005.jpg,34
41/nm2749141_rm2952003072_0-6-23_2015.jpg,44
41/nm2749141_rm3283731200_0-6-23_2013.jpg,42
41/nm2749141_rm4078689280_0-6-23_2013.jpg,42
41/nm2749141_rm674406400_0-6-23_2009.jpg,38
70/nm0751470_rm1076071936_0-12-10_1991.jpg,20
70/nm0751470_rm1159958016_0-12-10_1991.jpg,20
70/nm0751470_rm1310952960_0-12-10_1991.jpg,20
70/nm0751470_rm1713606144_0-12-10_1991.jpg,20
70/nm0751470_rm1763937792_0-12-10_1991.jpg,20
70/nm0751470_rm1797492224_0-12-10_1991.jpg,20
83/nm0067083_rm2389416448_0-10-7_2005.jpg,34
81/nm0364781_rm1003329792_0-9-20_1995.jpg,24
81/nm0364781_rm885889280_0-9-20_1995.jpg,24
62/nm0377462_rm1394849792_0-12-17_2005.jpg,34
62/nm0377462_rm1596176384_0-12-17_2005.jpg,34
62/nm0377462_rm2292220672_0-12-17_2010.jpg,39
62/nm0377462_rm2308997888_0-12-17_2010.jpg,39
62/nm0377462_rm2342552320_0-12-17_2010.jpg,39
62/nm0377462_rm2359329536_0-12-17_2010.jpg,39
62/nm0377462_rm2376106752_0-12-17_2010.jpg,39
62/nm0377462_rm2392883968_0-12-17_2010.jpg,39
62/nm0377462_rm2543878912_0-12-17_2010.jpg,39
62/nm0377462_rm2787358720_0-12-17_2005.jpg,34
62/nm0377462_rm2804135936_0-12-17_2005.jpg,34
37/nm0673137_rm875938048_0-11-29_2014.jpg,43
96/nm0673496_rm451385600_0-4-12_2007.jpg,36
73/nm1184573_rm1897568256_0-7-22_2002.jpg,31
07/nm0285607_rm3688011520_0-7-10_2003.jpg,32
07/nm0285607_rm406360064_0-7-10_2006.jpg,35
07/nm0285607_rm420255488_0-7-10_2007.jpg,36
07/nm0285607_rm835426048_0-7-10_2007.jpg,36
65/nm1384265_rm2269166848_0-11-6_2011.jpg,40
53/nm0783353_rm2960181248_0-10-2_1993.jpg,22
53/nm0783353_rm3058024704_0-10-2_1993.jpg,22
05/nm0091505_rm109152000_0-9-9_2010.jpg,39
05/nm0091505_rm125929216_0-9-9_2010.jpg,39
05/nm0091505_rm68273664_0-9-9_2014.jpg,43
05/nm0091505_rm75597568_0-9-9_2010.jpg,39
05/nm0091505_rm92374784_0-9-9_2010.jpg,39
87/nm0492687_rm1592109568_0-9-7_2011.jpg,40
87/nm0492687_rm2583075072_0-9-7_2004.jpg,33
87/nm0492687_rm4102733312_0-9-7_2011.jpg,40
87/nm0492687_rm4119510528_0-9-7_2011.jpg,40
30/nm0696430_rm2722802432_0-11-13_1981.jpg,10
14/nm0790814_rm1034394368_0-7-27_2006.jpg,35
14/nm0790814_rm1051171584_0-7-27_2006.jpg,35
14/nm0790814_rm1067948800_0-7-27_2006.jpg,35
14/nm0790814_rm24418816_0-7-27_2004.jpg,33
14/nm0790814_rm7641600_0-7-27_2004.jpg,33
14/nm0790814_rm816290560_0-7-27_2006.jpg,35
